{"same": {"min": -0.1466045294483388, "max": 0.7730107484075789, "average": 0.3023248095715494, "std": 0.15688337086442436}, "diff": {"min": -0.33121589979811017, "max": 0.6838190028080441, "average": 0.10339357698611777, "std": 0.10052254462209383}}