{"same": {"min": -0.04866993639949011, "max": 0.9815961677804212, "average": 0.49764421652011803, "std": 0.15594652209289805}, "diff": {"min": -0.316667559879784, "max": 0.9887136503638714, "average": 0.41474917900053293, "std": 0.13939111690333733}}