{"same": {"min": 0.034069510319470385, "max": 0.8787388578882221, "average": 0.45898674875619483, "std": 0.13649931275058713}, "diff": {"min": 0.0013675371537791416, "max": 0.8162677241110868, "average": 0.23072969610577104, "std": 0.09669819242012063}}