{"same": {"min": -0.052292807469050975, "max": 0.9665707641127075, "average": 0.43859599577508507, "std": 0.18092246464744574}, "diff": {"min": -0.3664182369491056, "max": 0.9848138467971267, "average": 0.16183068083105895, "std": 0.12652369652652085}}