{"same": {"min": -0.13198967464188704, "max": 0.9484925524533394, "average": 0.5831317940115511, "std": 0.19052545547774866}, "diff": {"min": -0.4243563436962704, "max": 0.9112337312236116, "average": 0.3650105049761545, "std": 0.14966668668960686}}