{"same": {"min": -0.2534481114777568, "max": 0.803310099865802, "average": 0.38790817794412735, "std": 0.1699373816876548}, "diff": {"min": -0.4599656318580292, "max": 0.7564191581110479, "average": 0.12042214426997498, "std": 0.13219668470053403}}