{"same": {"min": -0.33542928614031847, "max": 0.9815106443107586, "average": 0.6382958766033396, "std": 0.16502395599754638}, "diff": {"min": -0.4668341002996889, "max": 0.9795429818578539, "average": 0.5658444571007666, "std": 0.17635313433396163}}