{"same": {"min": 0.7018254053056284, "max": 0.9936264436936889, "average": 0.9306406248318043, "std": 0.03751032983726446}, "diff": {"min": 0.4715922727323335, "max": 0.9956863590117133, "average": 0.9091557573386791, "std": 0.0501423113769037}}