{"normal": {"min": 2.5667e-05, "max": 0.000337792, "mean": 3.1769755555555567e-05, "std": 2.5194709597810906e-05}, "mult+rot": {"min": 3.39800371, "max": 6.376941003, "mean": 4.110880580630553, "std": 0.3099890325743789}, "tensor": {"min": 3.209428252, "max": 5.217289322, "mean": 3.782702053505553, "std": 0.24017820173282603}}
