{"VGG-Face": {"same": {"99": 0.7474314915399262, "95": 0.6690927546225863, "50": 0.46905040100573364, "5": 0.20551829861511903, "1": 0.13769940322377255}, "diff": {"99": 0.48964107798185647, "95": 0.4073420302275032, "50": 0.21927126760000687, "5": 0.09301199916216325, "1": 0.060442313195817804}}, "Facenet": {"same": {"99": 0.8706092292471797, "95": 0.7856104448674374, "50": 0.4796520199470916, "5": 0.2710119530005821, "1": 0.195015138124397}, "diff": {"99": 0.7761075545608732, "95": 0.6368225498526332, "50": 0.4143281676082919, "5": 0.19061957871129462, "1": 0.08754838471038134}}, "Facenet512": {"same": {"99": 0.870734703949773, "95": 0.8239715398362021, "50": 0.6299805371643716, "5": 0.21796670209997554, "1": 0.09329714919738694}, "diff": {"99": 0.6835609495576773, "95": 0.6043791452535, "50": 0.36933623797146037, "5": 0.11108466949168326, "1": 0.0036102669760949145}}, "OpenFace": {"same": {"99": 0.9072812655944156, "95": 0.8606204412233344, "50": 0.6638187973585212, "5": 0.3254963030484661, "1": 0.1587434347578114}, "diff": {"99": 0.8643629630719546, "95": 0.8084515023226799, "50": 0.5909873929524956, "5": 0.23788879401575816, "1": 0.06708038490476378}}, "DeepID": {"same": {"99": 0.9826259216322007, "95": 0.9750467535054557, "50": 0.939649477431872, "5": 0.8553829110960934, "1": 0.8118466036572821}, "diff": {"99": 0.9773002179810818, "95": 0.9673343514459698, "50": 0.9209261148389869, "5": 0.8101058279795275, "1": 0.7442400603478421}}, "ArcFace": {"same": {"99": 0.7732271158436281, "95": 0.6975492301245094, "50": 0.4652970307270589, "5": 0.09245532109368064, "1": 0.029760568431109528}, "diff": {"99": 0.4933980053365753, "95": 0.3862983039342353, "50": 0.14850044800360102, "5": -0.01843190887908411, "1": -0.08472897593407806}}, "SFace": {"same": {"99": 0.7192894530501068, "95": 0.6476851627088696, "50": 0.4007862167434786, "5": 0.08751963369796355, "1": -0.02230811969581164}, "diff": {"99": 0.4377669567051542, "95": 0.34678320703597665, "50": 0.11554270686962592, "5": -0.08942706465927296, "1": -0.1641782244847723}}, "GhostFaceNet": {"same": {"99": 0.6691029576036086, "95": 0.5843214937068654, "50": 0.28562362056766644, "5": 0.07125998190850766, "1": 0.003218779654664998}, "diff": {"99": 0.3627598264913981, "95": 0.27949238008109717, "50": 0.09703557451142295, "5": -0.05089469700456191, "1": -0.10704033384338246}}}