{"average": {"VGG-Face": 0.09284706538446873, "Facenet": 0.16042926620583495, "Facenet512": 0.15099246916694237, "OpenFace": 0.10715451907496572, "DeepFace": NaN, "DeepID": 0.08258486142214, "Dlib": NaN, "ArcFace": 0.11163378065806394, "SFace": 0.08270010625836265, "GhostFaceNet": 0.13573582343286072}, "std": {"VGG-Face": 0.08643350901804886, "Facenet": 0.040290973770838324, "Facenet512": 0.04045103223955794, "OpenFace": 0.0398370982887634, "DeepFace": NaN, "DeepID": 0.037732328967915646, "Dlib": NaN, "ArcFace": 0.04114292301275722, "SFace": 0.03874811311009492, "GhostFaceNet": 0.0410549032934928}}