{"VGG-Face": 0.9995554567681707, "Facenet": 0.9995554567681707, "Facenet512": 0.9995554567681707, "OpenFace": 0.9995554567681707, "DeepFace": 0.0, "DeepID": 0.9995554567681707, "Dlib": 0.0, "ArcFace": 0.9995554567681707, "SFace": 0.9995554567681707, "GhostFaceNet": 0.9995554567681707}